-- phpMyAdmin SQL Dump
-- version 3.5.3
-- http://www.phpmyadmin.net
--
-- Host: localhost
-- Generation Time: Nov 05, 2012 at 06:11 PM
-- Server version: 5.1.49-1ubuntu8.1
-- PHP Version: 5.3.3-1ubuntu9.3

SET SQL_MODE="NO_AUTO_VALUE_ON_ZERO";
SET time_zone = "+00:00";


/*!40101 SET @OLD_CHARACTER_SET_CLIENT=@@CHARACTER_SET_CLIENT */;
/*!40101 SET @OLD_CHARACTER_SET_RESULTS=@@CHARACTER_SET_RESULTS */;
/*!40101 SET @OLD_COLLATION_CONNECTION=@@COLLATION_CONNECTION */;
/*!40101 SET NAMES utf8 */;

--
-- Database: `tortuga`
--

-- --------------------------------------------------------

--
-- Table structure for table `orders`
--

CREATE TABLE IF NOT EXISTS `orders` (
  `index` int(11) NOT NULL AUTO_INCREMENT,
  `order` text NOT NULL,
  `name` text NOT NULL,
  `adress` text NOT NULL,
  `phone` text NOT NULL,
  `status` int(11) NOT NULL,
  `date` date NOT NULL,
  `time` time NOT NULL,
  `date1` date NOT NULL,
  `time1` time NOT NULL,
  `date2` date NOT NULL,
  `time2` time NOT NULL,
  `date3` date NOT NULL,
  `time3` time NOT NULL,
  `scount` text NOT NULL,
  `other` text NOT NULL,
  PRIMARY KEY (`index`)
) ENGINE=MyISAM  DEFAULT CHARSET=utf8 AUTO_INCREMENT=102 ;

--
-- Dumping data for table `orders`
--

INSERT INTO `orders` (`index`, `order`, `name`, `adress`, `phone`, `status`, `date`, `time`, `date1`, `time1`, `date2`, `time2`, `date3`, `time3`, `scount`, `other`) VALUES
(10, '9-1|12-1|20-1|49-1|', 'Владимир', 'Комсомольская ул.\r\n, 253а, 74', '89241889824', 3, '2011-03-27', '20:10:41', '2011-03-27', '20:14:03', '2011-03-27', '21:01:24', '2011-03-27', '21:12:43', '2', ''),
(11, '1-1|15-1|30-1|38-1|', 'Владимир', 'Комсомольская ул.\r\n, 253а, 74', '89241889824', 3, '2011-03-29', '19:49:18', '0000-00-00', '00:00:00', '2011-03-29', '20:45:10', '2011-03-29', '20:45:34', '2', ''),
(12, '1-1|5-1|30-1|', 'Владимир', 'Комсомольская ул.\r\n, 253а, 74', '89241889824', 3, '2011-03-29', '20:03:14', '0000-00-00', '00:00:00', '2011-03-29', '20:45:08', '2011-03-29', '20:45:29', '1', ''),
(13, '10-1|14-1|26-1|', 'Станислав', 'Поповича ул.\r\n, 25, 59', '76-34-56', 3, '2011-03-30', '17:21:26', '2011-03-30', '17:31:50', '2011-03-30', '21:51:30', '2011-03-30', '21:51:36', '2', 'время доставки пожалуйста в 18-30 часов.'),
(14, '7-1|8-2|17-1|19-1|24-1|', 'светлана', 'Емельянова ул.\r\n, 27, 59', '486191', 3, '2011-04-02', '17:09:41', '0000-00-00', '00:00:00', '0000-00-00', '00:00:00', '2011-04-02', '18:10:34', '3', ''),
(15, '12-1|13-1|19-1|23-1|', 'Юрий', 'Невельская ул.\r\n, 52/1, офис 11', '63-02-00', 3, '2011-04-07', '15:12:47', '2011-04-07', '15:28:35', '2011-04-07', '16:01:37', '2011-04-07', '16:20:50', '2', 'Как можно быстрее пожалуйста=)Офисное здание возле Призывного пункта военкомата на Чехова'),
(16, '5-1|9-1|23-1|29-1|', 'Наталья', 'Пуркаева ул., 84, 77', '550897', 3, '2011-04-09', '21:13:02', '2011-04-09', '21:18:46', '0000-00-00', '00:00:00', '2011-04-09', '22:15:59', '2', ''),
(17, '11-1|13-1|22-1|24-4|', 'Егор', 'Фабричная ул.\n, 13, 20', '725-993', 3, '2011-04-10', '10:46:58', '2011-04-10', '11:46:47', '2011-04-10', '11:46:48', '2011-04-10', '12:31:02', '3', 'в течении часа,2й подъезд 3этаж,домофон неисправен.'),
(18, '7-1|17-1|', 'Света', 'К. Маркса ул.\r\n, 51-А, 38', '27-60-70', 3, '2011-04-11', '13:52:35', '2011-04-11', '13:59:24', '2011-04-11', '14:29:38', '2011-04-11', '15:08:04', '1', 'добавьте пожалуйста к заказу Вишнёвый сок - 1 литр'),
(19, '5-1|22-1|24-3|29-1|', 'Егор', 'Фабричная ул.\n, 13, 20', '89242826661', 3, '2011-04-13', '12:00:06', '0000-00-00', '00:00:00', '2011-04-13', '13:16:07', '2011-04-13', '13:16:16', '1', 'чем быстрей тем лучше'),
(20, '1-3|8-1|20-3|41-1|', 'Кристинка', 'Бумажная ул.\r\n, 22-а, 5', '89140930312  ', 3, '2011-04-16', '19:59:44', '2011-04-16', '20:05:35', '2011-04-16', '20:32:03', '2011-04-16', '21:01:03', '3', ''),
(21, '5-1|9-1|14-1|22-1|29-1|', 'Виталий', 'Мира пр.\r\n, 151 а, 2', '40-17-18', 3, '2011-04-17', '11:57:25', '2011-04-17', '21:59:28', '0000-00-00', '00:00:00', '2011-04-17', '21:59:35', '2', ''),
(22, '6-1|14-1|', 'Мирослав', 'Дружбы ул.\r\n, 82, 54', '619-171', 3, '2011-04-17', '12:46:30', '2011-04-17', '21:59:31', '0000-00-00', '00:00:00', '2011-04-17', '21:59:38', '1', 'В течении минут 30-40'),
(23, '1-1|15-1|26-1|35-1|', 'Екатерина', 'Хабаровская ул.\r\n, 60, 36', '612545', 3, '2011-04-18', '19:15:01', '2011-04-18', '19:18:23', '2011-04-18', '19:47:03', '2011-04-18', '19:47:14', '1', ''),
(24, '1-1|30-1|33-1|', 'Татьяна', 'Мира пр.\r\n, 278/1, Здание Амикс,3 эт.', '27-45-90', 3, '2011-04-21', '11:32:20', '2011-04-21', '11:36:35', '2011-04-21', '12:09:47', '2011-04-21', '13:02:04', '1', ''),
(25, '10-1|22-1|29-1|38-1|39-1|47-1|48-1|', 'Евгйени', 'Мира пр., 284-б, 52', '255188', 3, '2011-04-25', '16:06:47', '2011-04-25', '16:59:13', '0000-00-00', '00:00:00', '2011-04-26', '19:55:42', '1', ''),
(26, '1-1|2-2|21-2|37-1|', 'Роман', 'Коммунистический проспект, 13, 11', '89140950678', 3, '2011-04-26', '19:45:44', '2011-04-26', '19:55:27', '2011-04-26', '20:59:30', '2011-04-26', '20:59:55', '3', ''),
(27, '1-1|6-1|', 'Елена ', 'Комсомольская ул.\n, 269, 39', '8-914-647-77-56', 3, '2011-05-01', '12:32:45', '2011-05-01', '12:51:28', '2011-05-01', '12:59:08', '2011-05-01', '14:00:19', '2', 'Доставка желательна в течении 40 минут, левый подъезд, на домофоне - 39 *'),
(28, '1-1|12-1|20-2|', 'Юлия', 'Мира пр.\r\n, 365а, 75', '9624175157', 3, '2011-05-01', '18:25:48', '2011-05-01', '18:29:45', '2011-05-01', '18:48:31', '2011-05-01', '20:14:04', '2', 'желательно в течении 30-40 мин, очень опаздываем'),
(29, '1-1|20-2|28-1|33-1|38-2|', 'Наталья', 'Пограничная ул., 24, 90', '89241925654', 3, '2011-05-03', '09:36:39', '2011-05-03', '12:45:13', '2011-05-03', '12:45:19', '2011-05-07', '12:55:41', '1', ''),
(30, '5-1|10-1|21-1|22-1|26-1|29-1|30-1|33-1|35-1|40-1|', 'Евгений', 'Мира пр., 284-Б, 52', '255188', 3, '2011-05-04', '16:51:54', '2011-05-04', '16:57:10', '0000-00-00', '00:00:00', '2011-05-07', '12:28:44', '3', ''),
(31, '', 'Елена', 'Комсомольская ул.\n, 269, 39', '8-914-647-77-56', 3, '2011-05-07', '12:24:39', '2011-05-07', '12:32:16', '2011-05-07', '12:55:28', '2011-05-07', '14:16:15', '1', 'чем быстрее,тем лучше) на домофоне 39*'),
(32, '1-1|17-1|19-1|34-1|', 'Наталья', 'Пуркаева ул., 84, 77', '55 08 97', 3, '2011-05-08', '13:04:05', '2011-05-08', '13:17:53', '2011-05-08', '14:33:37', '2011-05-08', '14:33:45', '1', ''),
(33, '10-1|24-2|26-1|34-1|35-1|', 'Галина', 'Полевая ул.\r\n, 10-А, ', '27-04-38', 3, '2011-05-08', '14:53:23', '2011-05-08', '15:00:47', '2011-05-08', '15:53:06', '2011-05-08', '16:04:49', '3', 'к 17-00 \r\n'),
(34, '11-1|', 'Евгения', 'Сахалинская ул.\r\n, 15, 53', '89621210059', 3, '2011-05-08', '17:23:30', '2011-05-08', '17:26:16', '2011-05-08', '17:26:25', '2011-05-08', '17:26:33', '1', 'желаемое время доставки - не более часа.'),
(35, '10-1|19-1|20-1|26-1|34-1|38-1|40-1|41-1|', 'Оксана', 'Хлебная ул.\r\n, 44, -', '89147481727', 3, '2011-05-09', '20:45:24', '2011-05-09', '20:55:52', '2011-05-09', '21:34:27', '2011-05-09', '21:34:32', '2', ''),
(36, '1-1|10-1|14-1|22-1|48-1|', 'Евгений', 'Мира пр.\n, 284б, 52', '255188', 3, '2011-05-10', '16:49:33', '2011-05-10', '16:54:05', '2011-05-10', '17:50:01', '2011-05-10', '17:50:07', '1', ''),
(37, '9-1|15-1|16-1|29-1|', 'Анастасия', 'Горького ул.\r\n, 50, 27', '754362', 3, '2011-05-10', '17:47:35', '2011-05-10', '17:52:48', '2011-05-10', '22:37:26', '2011-05-10', '22:37:32', '1', ''),
(38, '9-1|10-1|38-1|', 'Светлана', 'Хабаровская ул.\r\n, 14, 71 ', '89147528791', 3, '2011-05-10', '22:32:52', '2011-05-10', '22:37:17', '2011-05-11', '19:31:34', '2011-05-11', '19:31:38', '2', 'Желаемое время доставки:11 мая 19-00.\r\n '),
(39, '9-1|16-1|20-1|29-1|', 'Анастасия', 'Горького ул.\r\n, 50, 27', '754362', 3, '2011-05-11', '20:14:03', '2011-05-11', '20:36:47', '2011-05-11', '20:51:20', '2011-05-11', '20:51:26', '1', ''),
(40, '4-1|11-1|12-1|20-1|26-1|29-1|30-1|', 'дмитрий', 'Курильская ул., 52, 26', '28-79-78', 3, '2011-05-11', '20:47:51', '2011-05-11', '20:57:49', '2011-05-11', '21:17:23', '2011-05-11', '21:47:25', '2', 'чем быстрее тем лучше '),
(41, '2-1|6-1|30-2|', 'Наталья', 'Мира пр.\r\n, 278/1, магазин Амикс', '73-74-72', 3, '2011-05-12', '09:55:08', '2011-05-12', '11:10:30', '2011-05-12', '12:53:00', '2011-05-12', '16:08:04', '2', 'магазин Амикс 3-й этаж Бухгалтерия к 12-30'),
(42, '1-3|3-1|12-2|13-1|', 'Людмила', 'Победы пр., 10Б, ', '48-18-42', 3, '2011-05-12', '10:55:22', '2011-05-12', '11:17:59', '2011-05-12', '12:53:01', '2011-05-12', '12:53:19', '5', '12-13часов'),
(43, '1-1|9-1|16-2|20-1|22-1|28-1|29-1|', 'Анастасия', 'Горького ул.\r\n, 50, 27', '754362', 3, '2011-05-12', '15:34:44', '2011-05-12', '16:07:53', '0000-00-00', '00:00:00', '2011-05-12', '16:42:21', '3', ''),
(44, '1-1|48-1|', 'Анна', 'Поповича ул.\r\n, 98, 23', '28-59-28', 3, '2011-05-12', '18:12:13', '2011-05-12', '18:13:33', '2011-05-12', '18:31:58', '2011-05-13', '14:08:59', '2', 'лифт работает тольео до 8-го этажа, квартира на 9ом'),
(45, '3-2|20-2|25-1|26-1|39-1|40-1|', 'Алена', 'Ленина ул., 174, ', '500-810', 3, '2011-05-13', '13:13:41', '2011-05-13', '13:32:21', '2011-05-13', '14:09:05', '2011-05-13', '15:12:10', '2', 'интернет салон(Подвальное помещение) за казино короной. \nМожно по скорей пожалуйста, а то кушать хочется)'),
(46, '9-2|20-1|21-1|24-6|40-1|', 'Светлана', 'Хабаровская ул.\r\n, 14, 71', '89147528791', 3, '2011-05-14', '17:54:18', '0000-00-00', '00:00:00', '0000-00-00', '00:00:00', '2011-05-14', '22:10:51', '2', ''),
(47, '2-1|22-1|25-1|', 'Алексей', 'Дзержинского ул.\n, 40, 412', '89244810207', 3, '2011-05-15', '12:33:58', '0000-00-00', '00:00:00', '0000-00-00', '00:00:00', '2011-05-16', '12:27:19', '1', 'Офисное здание, где магазин Орбита'),
(48, '1-1|7-1|18-2|29-1|', 'Татьяна', 'Емельянова ул.\r\n, 278/1, 3-й этаж бух', '73-74-72', 3, '2011-05-16', '10:25:57', '0000-00-00', '00:00:00', '0000-00-00', '00:00:00', '2011-05-16', '12:26:55', '2', ''),
(49, '11-1|', 'света', '﻿Авиационная ул.\r\n, 25, 3', '255258', 3, '2011-05-17', '14:47:37', '2011-05-17', '14:48:32', '2011-05-17', '14:48:35', '2011-05-17', '14:49:14', '1', ''),
(50, '10-1|', 'женя', '﻿Авиационная ул.\r\n, 1, 1', '269852', 3, '2011-05-21', '21:00:40', '0000-00-00', '00:00:00', '0000-00-00', '00:00:00', '2011-05-21', '21:01:05', '1', ''),
(51, '6-1|12-1|', 'Елена', 'Мира пр., 263а, 49', '8-914-647-77-56', 3, '2011-05-27', '21:33:33', '2011-05-27', '21:37:28', '2011-05-27', '22:00:09', '2011-05-27', '22:45:55', '2', 'Ребрышки желательно не жирные,3й от Мира. на домофоне - 49В.желательно в течении 30 минут)'),
(52, '9-1|12-1|25-1|', 'Александр', 'Пограничная ул.\r\n, 50-А, 27', '220346', 3, '2011-06-04', '20:23:39', '2011-06-04', '20:29:40', '2011-06-04', '21:08:37', '2011-06-04', '21:37:32', '1', 'Район таможни,СОШ № 3, ждем Вас как можно скорее, желательно до 21:30'),
(53, '1-1|2-1|12-1|35-1|', 'Мария', 'Ленина ул.\n, 287, 40', '721464', 3, '2011-06-05', '17:58:33', '2011-06-05', '18:00:05', '2011-06-05', '18:14:35', '2011-06-05', '20:48:21', '1', ''),
(54, '5-1|17-1|', 'Татьяна', 'Мира пр.\r\n, 278/1, 3-й этаж', '27-45-90', 3, '2011-06-08', '11:03:38', '2011-06-08', '11:17:43', '2011-06-08', '12:07:42', '2011-06-08', '12:08:01', '1', 'в 12-30'),
(55, '5-1|6-1|', 'Наталья', 'Ленина ул.\r\n, 319, 23', '8-924-282-28-82', 3, '2011-06-10', '13:15:58', '2011-06-10', '13:18:36', '2011-06-10', '19:21:15', '2011-06-10', '19:21:25', '2', 'время доставки 19-00, район магазина "Берёзка", общежитие УВД, 3 этаж налево'),
(56, '10-1|12-1|22-1|24-2|', 'Дмитрий', 'Горького ул., 106, нет', '+79147582211', 3, '2011-06-13', '15:56:26', '2011-06-13', '16:00:29', '2011-06-13', '16:43:02', '2011-06-13', '18:24:17', '1', ''),
(57, '', 'Мария', 'Ленина ул.\n, 287, 40', '89241994177', 3, '2011-06-24', '12:51:56', '0000-00-00', '00:00:00', '0000-00-00', '00:00:00', '2011-06-24', '13:40:03', '1', ''),
(58, '3-1|16-1|20-1|22-1|26-1|48-1|', 'Настя', 'Вокзальная ул., 71, 81', ' 618549', 3, '2011-06-25', '19:48:50', '2011-06-25', '20:12:46', '0000-00-00', '00:00:00', '2011-06-26', '12:00:04', '2', '6 подьезд,первый этаж,домофон не работает'),
(59, '47-1|', 'Александр', 'Пограничная ул.\r\n, 50-А, 27', '22-03-46', 3, '2011-06-30', '18:38:17', '0000-00-00', '00:00:00', '0000-00-00', '00:00:00', '2011-07-01', '16:32:54', '1', 'Желаемое время доставки-чем быстрее, тем лучше, подъезд предпоследний от школы № 3, домофон пока не работает'),
(60, '4-1|8-1|22-2|41-1|', 'Леонид', 'Хабаровская ул.\r\n, 44, 68', '8914-644-7464', 3, '2011-07-02', '13:37:24', '2011-07-02', '13:53:38', '2011-07-02', '14:12:00', '2011-07-02', '17:49:55', '2', '14:30 (второй подьезд от главной дороги)'),
(61, '2-6|14-2|', 'Алёна', 'Ленина ул., 327-А, 63', '89147620838', 3, '2011-07-05', '10:27:19', '2011-07-05', '11:44:34', '2011-07-05', '12:07:12', '2011-07-05', '13:21:03', '4', 'доставка 05 июля к 12-00;\nподъезд крайний южный;\nдомофон, 5 этаж, налево =D'),
(62, '5-1|12-1|33-1|38-1|40-1|41-1|42-1|', 'елена', 'Спортивный проезд\r\n, 1, 11', '289620', 3, '2011-07-06', '20:05:33', '2011-07-06', '20:29:00', '2011-07-06', '20:49:57', '2011-07-09', '17:51:49', '1', ''),
(63, '2-2|', '123', '﻿Авиационная ул.\n, 123, 123', '123', 3, '2011-07-07', '21:47:50', '0000-00-00', '00:00:00', '0000-00-00', '00:00:00', '2011-07-08', '12:11:30', '1', 'проверка'),
(64, '17-1|', 'проверка', '﻿Авиационная ул.\n, проверка, проверка', 'проверка', 3, '2011-07-07', '22:01:56', '0000-00-00', '00:00:00', '0000-00-00', '00:00:00', '2011-07-08', '12:11:31', '1', 'проверка'),
(65, '17-1|', 'проверка', '﻿Авиационная ул.\n, проверка, проверка', 'проверка', 3, '2011-07-07', '22:08:44', '0000-00-00', '00:00:00', '0000-00-00', '00:00:00', '2011-07-08', '12:11:36', '1', 'проверка'),
(66, '10-1|22-1|29-1|31-1|35-1|39-1|40-1|48-1|', 'Евгений', 'Мира пр.\n, 284-Б, 52', '255188', 3, '2011-07-09', '16:59:55', '2011-07-09', '17:05:39', '2011-07-09', '17:43:52', '2011-07-09', '17:51:55', '1', ''),
(67, '10-1|', 'андреев', 'Физкультурная ул.\r\n, 22, 8', '89621100065', 3, '2011-07-16', '19:01:16', '2011-07-16', '19:10:23', '0000-00-00', '00:00:00', '2011-07-17', '15:00:01', '1', 'эдем. чем быстрее тем лучше'),
(68, '5-1|16-1|25-1|26-1|', 'Станислав', 'Милицейская ул.\r\n, 13, 7', '303186', 3, '2011-07-21', '14:56:18', '2011-07-21', '15:12:39', '2011-07-21', '15:37:26', '2011-07-21', '15:50:59', '1', ''),
(69, '1-2|4-1|5-2|20-2|', 'Анна', 'Пограничная ул.\r\n, 52, 9', '26-26-00', 3, '2011-07-23', '13:47:59', '2011-07-23', '13:52:52', '0000-00-00', '00:00:00', '2011-07-24', '16:12:07', '2', ''),
(70, '5-1|13-1|25-1|', 'Елена', 'Комсомольская ул., 241 б, 11', '89146477756', 3, '2011-07-24', '11:52:50', '0000-00-00', '00:00:00', '2011-07-24', '12:37:51', '2011-07-24', '16:12:16', '2', ''),
(71, '1-1|3-1|26-1|39-1|42-1|', 'Юля', 'Тихоокеанская ул.\r\n, 10а, 30', '25-25-23', 3, '2011-08-06', '23:17:04', '0000-00-00', '00:00:00', '0000-00-00', '00:00:00', '2011-08-07', '10:03:54', '2', ''),
(72, '1-1|8-1|20-1|30-1|38-1|', 'Станислав', 'Горького ул.\r\n, 44, 35', '479725', 3, '2011-08-07', '16:51:27', '2011-08-07', '16:59:59', '0000-00-00', '00:00:00', '2011-08-07', '21:57:29', '2', 'Время доставки:20:30\r\nтретий подъезд (дальний от ул. Горького)'),
(73, '1-1|', 'д', '﻿Авиационная ул.\r\n, 1, 1', '00', 3, '2011-10-04', '12:11:44', '0000-00-00', '00:00:00', '0000-00-00', '00:00:00', '2011-10-04', '12:13:20', '1', ''),
(74, '4-1|15-1|16-1|22-1|', 'Роман', 'Милицейская ул.\r\n, 11A, 47', '+99450 2051098', 3, '2011-10-06', '19:19:42', '2011-10-06', '19:46:23', '0000-00-00', '00:00:00', '2011-10-06', '22:10:44', '1', 'Позвоните на мобильный встречу у входа в блок.'),
(75, '11-1|', 'Анна', 'Комсомольская ул.\r\n, 231, 11', '448641', 3, '2011-10-14', '17:55:09', '2011-10-14', '18:00:37', '2011-10-14', '18:26:37', '2011-10-14', '18:29:30', '1', '19-00'),
(76, '10-1|14-1|21-3|39-1|', 'наталья', 'Пограничная ул.\r\n, 63-А, 47', '25-39-12', 3, '2011-10-19', '17:30:20', '2011-10-19', '17:38:24', '2011-10-19', '18:29:04', '2011-10-19', '21:33:39', '3', ''),
(77, '1-1|5-1|20-2|', 'Александр', 'Поповича ул.\r\n, 40а, 14', '+79621214491', 3, '2011-10-22', '14:15:27', '2011-10-22', '14:24:47', '0000-00-00', '00:00:00', '2011-10-22', '14:47:30', '1', ''),
(78, '1-3|20-2|24-2|', 'Александр', 'Поповича ул.\r\n, 40а, 14', '+79621214491', 3, '2011-10-23', '16:45:05', '0000-00-00', '00:00:00', '0000-00-00', '00:00:00', '2011-10-23', '17:19:05', '3', ''),
(79, '1-3|', 'Екатерина', 'Пуркаева ул., 82, 38', '89147432600', 3, '2011-10-29', '11:08:32', '0000-00-00', '00:00:00', '0000-00-00', '00:00:00', '2011-10-29', '11:19:43', '1', 'Желаемое время доставки с 12.00-13.00'),
(80, '1-1|10-1|48-1|', 'Евгений', 'Мира пр.\n, 284 - Б, 52', '255188', 3, '2011-11-02', '18:31:02', '2011-11-02', '18:48:41', '0000-00-00', '00:00:00', '2011-11-02', '19:45:39', '1', ''),
(81, '1-1|9-2|10-1|48-1|', 'Евгений', 'Мира пр.\n, 284-Б, 52', '255188', 3, '2011-11-04', '12:41:58', '0000-00-00', '00:00:00', '0000-00-00', '00:00:00', '2011-11-04', '12:46:33', '1', ''),
(82, '13-1|21-1|22-1|24-2|29-1|32-1|', 'Егор', 'Фабричная ул.\n, 13, 20', '303-960', 3, '2011-11-06', '20:19:04', '0000-00-00', '00:00:00', '0000-00-00', '00:00:00', '2011-11-06', '20:24:30', '1', '19.45'),
(83, '10-1|20-3|', 'Александр', 'Есенина ул.\r\n, 44, 10', '282286', 3, '2011-11-08', '19:57:56', '0000-00-00', '00:00:00', '0000-00-00', '00:00:00', '2011-11-08', '23:23:23', '1', ''),
(84, '3-1|16-1|20-1|22-1|24-2|39-1|', 'Егор', 'Фабричная ул.\n, 13, 20', '303-960', 3, '2011-11-09', '21:56:25', '0000-00-00', '00:00:00', '0000-00-00', '00:00:00', '2011-11-09', '22:05:57', '1', '22.00'),
(85, '1-1|23-1|28-1|', 'Зоя', 'Комсомольская ул.\r\n, 215, 22', '720479', 3, '2011-11-13', '14:37:33', '0000-00-00', '00:00:00', '0000-00-00', '00:00:00', '2011-11-15', '13:12:32', '1', 'час, 2 подъезд от телецентра, код 22.'),
(86, '9-2|30-1|49-1|', 'Владимир', 'Комсомольская ул.\r\n, 253a, 74', '281945', 3, '2011-11-13', '17:24:01', '0000-00-00', '00:00:00', '0000-00-00', '00:00:00', '2011-11-15', '13:12:35', '1', ''),
(87, '2-2|3-1|17-1|22-2|24-6|29-1|30-1|', 'Егор', 'Фабричная ул.\n, 13, 20', '303-960', 3, '2011-11-20', '12:08:01', '0000-00-00', '00:00:00', '0000-00-00', '00:00:00', '2011-11-20', '12:25:07', '3', 'сейчас'),
(88, '2-1|13-2|14-1|15-1|21-3|48-1|', 'Наталья', 'Пограничная ул.\r\n, 63-А, 47', '42-57-12', 3, '2011-11-20', '17:51:42', '2011-11-20', '18:17:02', '0000-00-00', '00:00:00', '2011-11-20', '18:17:19', '3', ''),
(89, '5-1|22-1|24-3|29-1|', 'Егор', 'Фабричная ул.\n, 13, 20', '303-960', 3, '2011-11-21', '22:43:22', '0000-00-00', '00:00:00', '0000-00-00', '00:00:00', '2011-11-21', '22:46:35', '1', ''),
(90, '1-1|3-1|4-1|5-1|6-1|9-1|18-1|', 'Иван', 'Комсомольская ул.\n, 296-А, 6', '283828', 0, '2012-01-19', '19:38:26', '0000-00-00', '00:00:00', '0000-00-00', '00:00:00', '0000-00-00', '00:00:00', '1', ''),
(91, '1-1|3-1|5-1|20-2|24-2|26-1|', 'Светлана', 'Победы пр.\r\n, 21, 13', '89241963682', 0, '2012-01-28', '17:06:47', '0000-00-00', '00:00:00', '0000-00-00', '00:00:00', '0000-00-00', '00:00:00', '1', ''),
(92, '13-1|14-1|49-1|', 'Дмитрий', 'Сахалинская ул.\r\n, 29, 20', '254366', 0, '2012-02-04', '19:35:23', '0000-00-00', '00:00:00', '0000-00-00', '00:00:00', '0000-00-00', '00:00:00', '2', 'сразу'),
(93, '12-1|13-1|20-1|21-1|39-1|40-1|44-1|45-1|', 'Катя', 'Украинская ул.\r\n, 17б, 82', '79621115022', 0, '2012-02-15', '19:29:33', '0000-00-00', '00:00:00', '0000-00-00', '00:00:00', '0000-00-00', '00:00:00', '1', ''),
(94, '2-1|16-1|', 'Кирилл', 'Победы пр.\n, 76, 15', '+79147426039', 0, '2012-02-16', '19:41:54', '0000-00-00', '00:00:00', '0000-00-00', '00:00:00', '0000-00-00', '00:00:00', '1', 'Крайний подъезд 76-15. Последний этаж.'),
(95, '10-1|', 'Сергей', 'Коммунистический проспект\r\n, 49, 306', '89147498464', 0, '2012-02-25', '15:24:35', '0000-00-00', '00:00:00', '0000-00-00', '00:00:00', '0000-00-00', '00:00:00', '2', 'желаемое время доставки 16.00'),
(96, '10-1|', 'Виолетта', 'Ленина ул.\n, 316, 10', '89621112306', 0, '2012-02-25', '16:27:29', '0000-00-00', '00:00:00', '0000-00-00', '00:00:00', '0000-00-00', '00:00:00', '2', ''),
(97, '6-1|10-1|', 'Александра', 'Октябрьский переулок, С. Разина, д.27, -', '272235', 0, '2012-02-25', '18:08:06', '0000-00-00', '00:00:00', '0000-00-00', '00:00:00', '0000-00-00', '00:00:00', '1', 'СЕЙЧАС!!!'),
(98, '7-1|20-1|29-1|44-1|45-1|', 'Милена Сергеевна', 'Северная ул.\n, 56, офис 41', '89244910019', 0, '2012-02-27', '12:12:12', '0000-00-00', '00:00:00', '0000-00-00', '00:00:00', '0000-00-00', '00:00:00', '1', 'Чем раньше доставка, тем лучше. Здание напротив гостиницы "Геолог", 3-й этаж'),
(99, '10-1|13-1|', 'константин', 'Пограничная ул.\r\n, 68, уч.корпус СахГУ', '(963) 289 1642', 0, '2012-03-07', '10:40:19', '0000-00-00', '00:00:00', '0000-00-00', '00:00:00', '0000-00-00', '00:00:00', '7', '13.30'),
(100, '10-1|', 'Яна', 'Мира пр.\n, 64, Оф. 5', '506-000', 0, '2012-03-07', '11:26:52', '0000-00-00', '00:00:00', '0000-00-00', '00:00:00', '0000-00-00', '00:00:00', '4', 'Доставка к 14.00'),
(101, '20-1|26-1|49-1|', 'Ксения', 'Мира пр.\n, 377, 70', '79147494200', 0, '2012-03-09', '22:32:53', '0000-00-00', '00:00:00', '0000-00-00', '00:00:00', '0000-00-00', '00:00:00', '1', '');

-- --------------------------------------------------------

--
-- Table structure for table `pages`
--

CREATE TABLE IF NOT EXISTS `pages` (
  `index` int(11) NOT NULL AUTO_INCREMENT,
  `stick` int(11) NOT NULL,
  `text` text NOT NULL,
  `name` text NOT NULL,
  PRIMARY KEY (`index`)
) ENGINE=MyISAM  DEFAULT CHARSET=utf8 AUTO_INCREMENT=4 ;

--
-- Dumping data for table `pages`
--

INSERT INTO `pages` (`index`, `stick`, `text`, `name`) VALUES
(1, 2, '<div class="contentI">   \n	<ul>\n		<li>Наш инернет-магазин "TORTUGA" осуществляет доставку готовой еды по Южно-Сахалинску на указанный Вами адрес прямо до двери.</li>\n		<li>Заказы доставляются с 12 до 24 часов.</li>\n		<li>Заказы, сделанные после 23 часов, доставляются на следующий день в указанное Вами время.</li>\n		<li>Заказы в интернет магазине принимаются круглосуточно.</li>\n		<li>Заказы по телефону -  11:00 до 23:00 без выходных.</li>\n		<li>При заказе на сумму от 400 рублей и выше - доставка бесплатно.</li>\n		<li>При заказе на сумму менее 400 рублей - стоимость доставки 150 рублей.</li> \n		<li>После проверки комплектности заказа Вы оплачиваете сумму по чеку наличными. В прилагаемом чеке перечислены все заказанные блюда.</li>\n		<li>Претензии по количеству и качеству, а также по возврату Вы можете предъявить в момент доставки и получения заказа.</li>\n	</ul>\n	<br/>\n	Мы работаем над качеством приготовления наших блюд, поэтому ждем Ваших отзывов на почту в разделе «Обратная связь».\n	<br/>\n\n 	<p class="contentTxt"> \n		<br/>  \n    	Не можете себе представить, когда вам может понадобиться подобная услуга? Например, плохая погода. \n        Нашим курьерам не страшны 	никакие причуды природы, а вы спокойно подождете в теплой квартире или офисе, \n        пока вам доставят заказанную еду.<br/><br/>\n    	Или Вы собрались большой компанией, чтобы посмотреть футбольный матч или отметить какое-нибудь событие. \n        Зачем самим идти в магазин за едой, когда можно заказать доставку еды прямо домой?<br/><br/>\n    	Доставка еды — это одна из наших профильных услуг. Мы сделали всё возможное, чтобы совершать заказ было удобно. \n        На нашем сайте всегда есть возможность перейти в меню и сделать заказ.<br/><br/>\n		Заказ можно сделать не только через интернет. \n        Можно просто позвонить по телефону и доставка еды не заставит себя ждать.<br/><br/>\n 	</p>\n	    \n</div><!-- end .contentI -->\n', 'Условия доставки'),
(2, 3, '<div class="contentHeader">Как с нами связаться</div>\ne-mail: info@tortuga-food.com<br/>\nТелефон:  +7(4242) 612-000<br/>\nМы работаем с 11:00 до 24:00.<br/>\nБез выходных. <br/>', 'Обратная связь'),
(3, 1, '', 'Состояние заказа');

-- --------------------------------------------------------

--
-- Table structure for table `products`
--

CREATE TABLE IF NOT EXISTS `products` (
  `index` int(11) NOT NULL AUTO_INCREMENT,
  `stick` int(11) NOT NULL,
  `name` text NOT NULL,
  `cost` int(11) NOT NULL,
  `desc` text NOT NULL,
  `weight` text NOT NULL,
  `section` int(11) NOT NULL,
  PRIMARY KEY (`index`)
) ENGINE=MyISAM  DEFAULT CHARSET=utf8 AUTO_INCREMENT=50 ;

--
-- Dumping data for table `products`
--

INSERT INTO `products` (`index`, `stick`, `name`, `cost`, `desc`, `weight`, `section`) VALUES
(1, 3, 'Шашлык из свинины', 190, 'Свинина,  маринованная в специях,жаренная на  гриле, овощи,  соус TORTUGA.', '(150/80/50г.)', 1),
(2, 2, 'Баранина на гриле', 250, 'Баранина,  маринованная в специях,  жаренная на  гриле,  овощи,  соус TORTUGA.', '(150/80/50г.)', 1),
(3, 12, 'Шашлык из курицы', 180, 'Куриные грудки маринованные в специях, жаренные на  гриле,  овощи,  чесночный соус.', '(180/80/50г.)', 1),
(4, 13, 'Лосось гриль', 200, 'Лосось маринованный в специях,  жаренный на  гриле,  овощи,  соус Тар-Тар.\r\n', '(220/80/50г.)', 1),
(5, 5, 'Отбивная гриль', 210, 'Филе свинины маринованное в специях, жаренное на  гриле,  овощи,  соус TORTUGA.', '(180/80/50г.)', 1),
(6, 4, 'Ребрышки на гриле', 230, 'Ребрышки свиные,  маринованные в специях,  \r\nжаренные на  гриле,  овощи,  соус TORTUGA.', '(200/80/50г.)', 1),
(7, 7, 'Бифштекс с яйцом', 210, 'Говядина  и свинина ,  специи,  жаренные на  гриле,  яйцо,  овощи,  соус TORTUGA.\r\n', '(150/80/50г.)', 1),
(8, 6, 'Барбекю из корейки', 380, 'Свиная корейка,  маринованная в специях, жаренная на  гриле,  овощи,  соус TORTUGA.\r\n', '(250/80/50г.)', 1),
(9, 8, 'Колбаски гриль “Морская миля”', 190, 'Пикантные колбаски гриль из свинины, овощи,  соус TORTUGA.\r\n', '(160/80/50г.)', 1),
(10, 1, 'Ассорти гриль “Тысяча чертей”', 1200, 'Шашлык из свинины,  баранина  на  гриле,  отбивная гриль,  барбекю из корейки,  колбаски гриль,  овощи,  \r\nсоус TORTUGA.', '(1100/160/80г.)', 1),
(11, 9, 'Цыпленок гриль', 450, 'Цыпленок маринованный в специях,жаренный на  гриле,  овощи,  чесночный соус.', '(800/80/50г.)', 1),
(12, 10, 'Крылышки гриль', 180, 'Куриные крылья маринованные в специях, жаренные на  гриле,  овощи,  чесночный соус.\r\n', '(180/80/50г.)', 1),
(13, 11, 'Куриное бедрышко', 190, 'Куриные крылья маринованные в специях, жаренные на  гриле,  овощи,  чесночный соус.\r\n', '(180/80/50г.)', 1),
(14, 1, 'Креветки фри', 250, 'Креветки жареные во фритюре,  соус Тар-Тар', '(150/50г.)', 2),
(15, 2, 'Кальмары фри', 120, 'Кальмары, жареные во фритюре,  соус Тар-Тар.', '(150/50г.) ', 2),
(16, 0, 'Куриный суп с лапшой', 70, 'Курица  бульонная,  лапша,  специи', '(1/250г.)', 3),
(17, 0, 'Суп из морепродуктов “Корсар”', 200, 'Кальмар,  гребешок,  креветка, рыба,  морская капуста,  специи', '(1/250г.)', 3),
(18, 1, 'Бульон с яйцом', 50, 'Курица  бульонная,  яйцо,  специи', '(1/250г.)', 3),
(19, 4, 'Овощи на пару', 90, '', '(1/150г.)', 4),
(20, 1, 'Картофель фри', 70, '', '(1/150г.)', 4),
(21, 2, 'Крокеты картофельные', 70, '', '(1/150г.)', 4),
(22, 3, 'Ризотто', 70, '', '(1/150г.)', 4),
(23, 5, 'Рис', 50, '', '(1/150г.)', 4),
(24, 6, 'Булочка “От бабушки пирата”', 10, '', '(1/50г.)', 4),
(25, 0, 'Салат “Греческий"', 120, 'Свежие огурцы, помидоры,  болгарский перец,  маслины, \r\nбрынза,  оливковое масло,  зелень', '(1/150г.)', 5),
(26, 0, 'Салат “Цезарь”', 140, 'Куриная грудка,  листья салата,  сыр “Пармезан”,  \r\nгренки,  соус “Цезарь”', '(1/150г.)', 5),
(28, 0, 'Салат “Летний”', 120, 'Свежие огурцы,  помидоры,  зелень,  масло или майонез', '(1/150г.)', 5),
(29, 0, 'Салат “Гармония”', 100, 'Маринованные шампиньоны,  свежие огурцы, \r\nяйцо,  майонез,  зелень ', '(1/150г.)', 5),
(30, 0, 'Осьминог с соусом', 160, 'Осьминог,  соус чодян', '(100/50г.)', 6),
(31, 0, 'Гребешок с соусом', 160, 'Гребешок, соус чодян', '(100/50г.)', 6),
(32, 0, 'Кальмар с соусом', 60, 'Кальмар,  соус чодян', '(100/50г.)', 6),
(33, 0, 'Говядина по восточному', 80, 'Говядина,  лук,  чеснок,  морковь,  специи', '(1/100г.)', 6),
(34, 0, 'Одинодет', 60, 'Каракатица,  редька,  перец', '(1/100г.)', 6),
(35, 0, 'Папоротник', 70, 'Папоротник,  лук,  чеснок,  специи', '(1/100г.)', 6),
(36, 0, 'Кальмар по восточному', 60, 'Кальмар,  лук,  чеснок,  морковь,  специи', '(1/100г.)', 6),
(37, 0, 'Селедочка по восточному', 60, 'Селедка,  чеснок,  перец,  специи', '(1/100г.)', 6),
(38, 0, 'Соус TORTUGA', 20, '', '(1/50г)', 7),
(39, 0, 'Соус Чесночный', 15, '', '(1/50г)', 7),
(40, 0, 'Соус Тар-Тар', 20, '', '(1/50г)', 7),
(41, 0, 'Соус Польский', 25, '', '(1/50г)', 7),
(42, 0, 'Соус Розовый', 20, '', '(1/50г)', 7),
(43, 0, 'Соус Чодян', 15, '', '(1/50г)', 7),
(44, 0, 'Кетчуп', 10, '', '(1/50г)', 7),
(45, 0, 'Майонез', 10, '', '(1/50г)', 7),
(46, 0, 'Горчица ', 10, '', '(1/50г)', 7),
(47, 0, 'Ассорти из свежих овощей', 500, 'Огурцы, помидоры, сладкий перец, зелень.', '(600г.)', 5),
(48, 14, 'Гребешок в беконе', 250, 'Морские гребешки, бекон, овощи, соус Тар-Тар.', '(100/80/50г.)', 1),
(49, 0, 'Шашлык "Мореход"', 180, 'Треска, лосось, жаренные в кляре, овощи, соус Тар-Тар', '(150/80/50г.)', 2);

-- --------------------------------------------------------

--
-- Table structure for table `sections`
--

CREATE TABLE IF NOT EXISTS `sections` (
  `index` int(11) NOT NULL AUTO_INCREMENT,
  `stick` int(11) NOT NULL,
  `name` text NOT NULL,
  `desc` text NOT NULL,
  PRIMARY KEY (`index`)
) ENGINE=MyISAM  DEFAULT CHARSET=utf8 AUTO_INCREMENT=8 ;

--
-- Dumping data for table `sections`
--

INSERT INTO `sections` (`index`, `stick`, `name`, `desc`) VALUES
(1, 1, 'Блюда приготовленные на гриле', ''),
(2, 2, 'Блюда во фритюре', 'Lorem ipsum'),
(3, 6, 'Супы', ''),
(4, 5, 'Гарниры', ''),
(5, 3, 'Европейские салаты', ''),
(6, 4, 'Восточные салаты', ''),
(7, 7, 'Соусы', '');

-- --------------------------------------------------------

--
-- Table structure for table `status`
--

CREATE TABLE IF NOT EXISTS `status` (
  `index` int(11) NOT NULL AUTO_INCREMENT,
  `name` text NOT NULL,
  PRIMARY KEY (`index`)
) ENGINE=MyISAM  DEFAULT CHARSET=utf8 AUTO_INCREMENT=5 ;

--
-- Dumping data for table `status`
--

INSERT INTO `status` (`index`, `name`) VALUES
(1, 'в обработке'),
(2, 'принят'),
(3, 'готов'),
(4, 'доставлен');

/*!40101 SET CHARACTER_SET_CLIENT=@OLD_CHARACTER_SET_CLIENT */;
/*!40101 SET CHARACTER_SET_RESULTS=@OLD_CHARACTER_SET_RESULTS */;
/*!40101 SET COLLATION_CONNECTION=@OLD_COLLATION_CONNECTION */;
